Color Name,Hex Code,Serial,Name Code,R,G,B,H,S,V
white,#ffffff,1,24389253,255,255,255,0.00,0.00,100
black,#000000,2,2491499,0,0,0,0.00,0.00,0
dull red,#bb3f3f,3,160403769508,187,63,63,0.00,66.31,73.33333333
dried blood,#4b0101,4,5146991032417760,75,1,1,0.00,98.67,29.41176471
red,#e50000,5,18596,229,0,0,0.00,100.00,89.80392157
dark red,#840000,6,139129211044,132,0,0,0.00,100.00,51.76470588
deep red,#9a0200,7,142993213604,154,2,0,0.78,100.00,60.39215686
mahogany,#4a0100,8,448034735577,74,1,0,0.81,100.00,29.01960784
pastel red,#db5856,9,564723956271268,219,88,86,0.90,60.73,85.88235294
reddish,#c44240,10,19499460200,196,66,64,0.91,67.35,76.8627451
grapefruit,#fd5956,11,266133528204596,253,89,86,1.08,66.01,99.21568627
deep brown,#410200,12,146425034391278,65,2,0,1.85,100.00,25.49019608
dark coral,#cf524e,13,142468296722476,207,82,78,1.86,62.32,81.17647059
pale red,#d9544d,14,551238453412,217,84,77,3.00,64.52,85.09803922
coral,#fc5a50,15,3655724,252,90,80,3.49,68.25,98.82352941
dark salmon,#c85a53,16,4558986017125870,200,90,83,3.59,58.50,78.43137255
brownish pink,#c27e79,17,2972074817817680000,194,126,121,4.11,37.63,76.07843137
very dark brown,#1d0200,18,26179170322994000000000,29,2,0,4.14,100.00,11.37254902
indian red,#850e04,19,332199663454372,133,14,4,4.65,96.99,52.15686275
salmon,#ff796c,20,638989806,255,121,108,5.31,57.65,100
pinkish grey,#c8aca9,21,587098857241037000,200,172,169,5.81,15.50,78.43137255
reddy brown,#6e1005,22,20446683521957600,110,16,5,6.29,95.45,43.1372549
reddish grey,#997570,23,654293311349312000,153,117,112,7.32,26.80,60
brick red,#8f1402,24,2827275421860,143,20,2,7.66,98.60,56.07843137
tomato,#ef4026,25,687244943,239,64,38,7.76,84.10,93.7254902
peachy pink,#ff9a8a,26,18191532421555700,255,154,138,8.21,45.88,100
orangey red,#fa4224,27,17523405559384200,250,66,36,8.41,85.60,98.03921569
brick,#a03623,28,2696299,160,54,35,9.12,78.13,62.74509804
very light pink,#fff4f2,29,26179170612883600000000,255,244,242,9.23,5.10,100
brownish red,#9e3623,30,92877338056804500,158,54,35,9.27,77.85,61.96078431
orange red,#fd411e,31,547606423881892,253,65,30,9.42,88.14,99.21568627
blush,#f29e8e,32,2512488,242,158,142,9.60,41.32,94.90196078
vermillion,#f4320c,33,780186493003246,244,50,12,9.83,95.08,95.68627451
orange pink,#ff6f52,34,17523405564159400,255,111,82,10.06,67.84,100
tomato red,#ec2d01,35,720628554352804,236,45,1,11.23,99.58,92.54901961
burnt red,#9f2305,36,2940396849316,159,35,5,11.69,96.86,62.35294118
reddish orange,#f8481c,37,669996350821963000000,248,72,28,12.00,88.71,97.25490196
orangish red,#f43605,38,560748981971274000,244,54,5,12.30,97.95,95.68627451
red brown,#8b2e16,39,19968312295150,139,46,22,12.31,84.17,54.50980392
light salmon,#fea993,40,442734470132807000,254,169,147,12.34,42.13,99.60784314
melon,#ff7855,41,13808110,255,120,85,12.35,66.67,100
rusty red,#af2f0d,42,20533863205028,175,47,13,12.59,92.57,68.62745098
rust red,#aa2704,43,641683376292,170,39,4,12.65,97.65,66.66666667
pinkish orange,#ff724c,44,601189229815090000000,255,114,76,12.74,70.20,100
pinkish brown,#b17261,45,18787163431708000000,177,114,97,12.75,45.20,69.41176471
orangered,#fe420f,46,17112700733604,254,66,15,12.80,94.09,99.60784314
red orange,#fd3c06,47,638986429184229,253,60,6,13.12,97.63,99.21568627
pale salmon,#ffb19a,48,18062981671040500,255,177,154,13.66,39.61,100
clay,#b66a50,49,110649,182,106,80,15.29,56.04,71.37254902
dark peach,#de7e5d,50,142468310008936,222,126,93,15.35,58.11,87.05882353
brown red,#922b05,51,2834392107172,146,43,5,16.17,96.58,57.25490196
terracotta,#ca6641,52,709822839771777,202,102,65,16.20,67.82,79.21568627
terracota,#cb6843,53,22181963742849,203,104,67,16.32,67.00,79.60784314
reddish brown,#7f2b0a,54,20937385963172700000,127,43,10,16.92,92.13,49.80392157
blood orange,#fe4b03,55,86112821349234900,254,75,3,17.21,98.82,99.60784314
pinkish tan,#d99b82,56,18346839288795200,217,155,130,17.24,40.09,85.09803922
terra cotta,#c9643b,57,22714331765920400,201,100,59,17.32,70.65,78.82352941
auburn,#9a3001,58,55662158,154,48,1,18.43,99.35,60.39215686
adobe,#bd6c48,59,1195077,189,108,72,18.46,61.90,74.11764706
orangish,#fc824a,60,534771902056,252,130,74,18.88,70.63,98.82352941
warm grey,#978a84,61,25342922442937,151,138,132,18.95,12.58,59.21568627
brownish,#9c6d57,62,88574731880,156,109,87,19.13,44.23,61.17647059
rust,#a83c09,63,611956,168,60,9,19.25,94.64,65.88235294
russet,#a13905,64,626642100,161,57,5,20.00,96.89,63.1372549
chestnut,#742802,65,111857515188,116,40,2,20.00,98.28,45.49019608
rust brown,#8b3103,66,657083760983790,139,49,3,20.29,97.84,54.50980392
deep orange,#dc4d01,67,4685601536260320,220,77,1,20.82,99.55,86.2745098
brick orange,#c14a09,68,92644160936392900,193,74,9,21.20,95.34,75.68627451
bright orange,#ff5b00,69,2964750261343530000,255,91,0,21.41,100.00,100
burnt umber,#a0450e,70,3010966377105580,160,69,14,22.60,91.25,62.74509804
orangeish,#fd8d49,71,17112700724840,253,141,73,22.67,71.15,99.21568627
chocolate brown,#411900,72,3854341988795900000000,65,25,0,23.08,100.00,25.49019608
earth,#a2653e,73,5294728,162,101,62,23.40,61.73,63.52941176
burnt sienna,#b04e0f,74,96350923996183000,176,78,15,23.48,91.48,69.01960784
peach,#ffb07c,75,16942184,255,176,124,23.82,51.37,100
dusty orange,#f0833a,76,168450471149746000,240,131,58,24.07,75.83,94.11764706
sienna,#a9561e,77,647150017,169,86,30,24.17,82.25,66.2745098
dark orange,#c65102,78,4558985900374240,198,81,2,24.18,98.99,77.64705882
burnt orange,#c04e01,79,96350923871271100,192,78,1,24.19,99.48,75.29411765
pastel orange,#ff964f,80,18504874599009800000,255,150,79,24.20,69.02,100
rusty orange,#cd5909,81,672853629415242000,205,89,9,24.49,95.61,80.39215686
rust orange,#c45508,82,21026680787220700,196,85,8,24.57,95.92,76.8627451
cocoa,#875f42,83,3640801,135,95,66,25.22,51.11,52.94117647
copper,#b66325,84,116932786,182,99,37,25.66,79.67,71.37254902
faded orange,#f0944d,85,217445087240567000,240,148,77,26.13,67.92,94.11764706
burnt siena,#b75203,86,3010966374880700,183,82,3,26.33,98.36,71.76470588
cinnamon,#ac4f06,87,113227380206,172,79,6,26.39,96.51,67.45098039
mushroom,#ba9e88,88,469871705581,186,158,136,26.40,26.88,72.94117647
chocolate,#3d1c02,89,3589635704453,61,28,2,26.44,96.72,23.92156863
clay brown,#b2713d,90,118809468419822,178,113,61,26.67,65.73,69.80392157
orange,#f97306,91,522238181,249,115,6,26.91,97.59,97.64705882
apricot,#ffb16d,92,1629785588,255,177,109,27.95,57.25,100
sepia,#985e2b,93,20103457,152,94,43,28.07,71.71,59.60784314
dull orange,#d8863b,94,5256110632122590,216,134,59,28.66,72.69,84.70588235
pale orange,#ffa756,95,18062981554288900,255,167,86,28.76,66.27,100
pumpkin orange,#fb7d07,96,614993948152674000000,251,125,7,29.02,97.21,98.43137255
mocha,#9d7651,97,14126337,157,118,81,29.21,48.41,61.56862745
milk chocolate,#7f4e1e,98,490437429041911000000,127,78,30,29.69,76.38,49.80392157
light peach,#ffd8b1,99,13835452188624000,255,216,177,30.00,30.59,100
brownish orange,#cb7723,100,3043404613445280000000,203,119,35,30.00,82.76,79.60784314
warm brown,#964e02,101,810973512941294,150,78,2,30.81,98.67,58.82352941
dark brown,#341c02,102,142468295769838,52,28,2,31.20,96.15,20.39215686
pale brown,#b1916e,103,564468159954670,177,145,110,31.34,37.85,69.41176471
browny orange,#ca6b02,104,2972075379606470000,202,107,2,31.50,99.01,79.21568627
orangish brown,#b25f03,105,574206957538568000000,178,95,3,31.54,98.31,69.80392157
tan brown,#ab7e4c,106,22040634015470,171,126,76,31.58,55.56,67.05882353
orange brown,#be6400,107,560748978038718000,190,100,0,31.58,100.00,74.50980392
pumpkin,#e17701,108,17898679598,225,119,1,31.61,99.56,88.23529412
light brown,#ad8150,109,13835452174384900,173,129,80,31.61,53.76,67.84313725
puce,#a57e52,110,545893,165,126,82,31.81,50.30,64.70588235
dark taupe,#7f684e,111,142468314093061,127,104,78,31.84,38.58,49.80392157
leather,#ac7434,112,13054386354,172,116,52,32.00,69.77,67.45098039
orangey brown,#b16002,113,17943967292793100000,177,96,2,32.23,98.87,69.41176471
raw umber,#a75e09,114,19851294181554,167,94,9,32.28,94.61,65.49019608
light orange,#fdaa48,115,442734470016056000,253,170,72,32.49,71.54,99.21568627
brown,#653700,116,2703086,101,55,0,32.67,100.00,39.60784314
umber,#b26400,117,22448306,178,100,0,33.71,100.00,69.80392157
brown orange,#b96902,118,92877360480696500,185,105,2,33.77,98.92,72.54901961
tangerine,#ff9408,119,22039865402821,255,148,8,34.01,96.86,100
dirty orange,#c87606,120,154904487895546000,200,118,6,34.64,97.00,78.43137255
medium brown,#7f5112,121,474155230396236000,127,81,18,34.68,85.83,49.80392157
mango,#ffa62b,122,13678831,255,166,43,34.81,83.14,100
butterscotch,#fdb147,123,96427361523191900,253,177,71,34.95,71.94,99.21568627
dull brown,#876e4b,124,164253443636974,135,110,75,35.00,44.44,52.94117647
coffee,#a6814c,125,116594853,166,129,76,35.33,54.22,65.09803922
taupe,#b9a281,126,21026309,185,162,129,35.36,30.27,72.54901961
dirt,#8a6e45,127,140884,138,110,69,35.65,50.00,54.11764706
dirt brown,#836539,128,151274052468462,131,101,57,35.68,56.49,51.37254902
dark tan,#af884a,129,139129212974,175,136,74,36.83,57.71,68.62745098
caramel,#af6f09,130,3273700524,175,111,9,36.87,94.86,68.62745098
brownish grey,#86775f,131,2972074817817400000,134,119,95,36.92,29.10,52.54901961
fawn,#cfaf7b,132,198382,207,175,123,37.14,40.58,81.17647059
greyish brown,#7a6a4f,133,8725488545464660000,122,106,79,37.67,35.25,47.84313725
dust,#b2996e,134,153204,178,153,110,37.94,38.20,69.80392157
toupe,#c7ac7d,135,21485061,199,172,125,38.11,37.19,78.03921569
raw sienna,#9a6200,136,635241342613953,154,98,0,38.18,100.00,60.39215686
very light brown,#d3b683,137,837733459612276000000000,211,182,131,38.25,37.91,82.74509804
camel,#c69f59,138,3191980,198,159,89,38.53,55.05,77.64705882
sand brown,#cba560,139,670088921956078,203,165,96,38.69,52.71,79.60784314
yellowish orange,#ffab0f,140,950833378258851000000000,255,171,15,39.00,94.12,100
grey brown,#7f7053,141,266281465495278,127,112,83,39.55,34.65,49.80392157
dark beige,#ac9362,142,142468295337189,172,147,98,39.73,43.02,67.45098039
orange yellow,#ffad01,143,17943967297997000000,255,173,1,40.63,99.61,100
squash,#f2ab15,144,656049768,242,171,21,40.72,91.32,94.90196078
mud brown,#60460f,145,15020509970158,96,70,15,40.74,84.38,37.64705882
sandstone,#c9ae74,146,20940267863493,201,174,116,40.94,42.29,78.82352941
macaroni and cheese,#efb435,147,16135592513878800000000000000,239,180,53,40.97,77.82,93.7254902
pale peach,#ffe5ad,148,564468174193768,255,229,173,40.98,32.16,100
dark sand,#a88f59,149,4452134782404,168,143,89,41.01,47.02,65.88235294
golden brown,#b27a01,150,269516876087378000,178,122,1,41.02,99.44,69.80392157
tan,#d1b26f,151,20526,209,178,111,41.02,46.89,81.96078431
saffron,#feb209,152,20441156078,254,178,9,41.39,96.46,99.60784314
putty,#beae8a,153,17486489,190,174,138,41.54,27.37,74.50980392
amber,#feb308,154,1476786,254,179,8,41.71,96.85,99.60784314
poo brown,#885f01,155,18124697583342,136,95,1,41.78,99.26,53.33333333
sandy brown,#c4a661,156,21442841056722700,196,166,97,41.82,50.51,76.8627451
yellow orange,#fcb001,157,29017131927296100000,252,176,1,41.83,99.60,98.82352941
shit brown,#7b5804,158,677630884527854,123,88,4,42.35,96.75,48.23529412
orangey yellow,#fdb915,159,574206953370138000000,253,185,21,42.41,91.70,99.21568627
desert,#ccad60,160,140088916,204,173,96,42.78,52.94,80
bronze,#a87900,161,86489925,168,121,0,43.21,100.00,65.88235294
mustard brown,#ac7e04,162,15766681806250300000,172,126,4,43.57,97.67,67.45098039
poop brown,#7a5901,163,579976213118702,122,89,1,43.64,99.18,47.84313725
poop,#7f5e00,164,540144,127,94,0,44.41,100.00,49.80392157
golden rod,#f9bc08,165,263200074320356,249,188,8,44.81,96.79,97.64705882
ochre,#bf9005,166,15835717,191,144,5,44.84,97.38,74.90196078
shit,#7f5f00,167,631092,127,95,0,44.88,100.00,49.80392157
muddy brown,#886806,168,15380133941165800,136,104,6,45.23,95.59,53.33333333
sunflower,#ffc512,169,21627522243762,255,197,18,45.32,92.94,100
marigold,#fcc006,170,448364002692,252,192,6,45.37,97.62,98.82352941
brown grey,#8d8468,171,90700547082425,141,132,104,45.41,26.24,55.29411765
golden yellow,#fec615,172,8624540035554100000,254,198,21,45.58,91.73,99.60784314
wheat,#fbdd7e,173,24384564,251,221,126,45.60,49.80,98.43137255
mud,#735c12,174,13988,115,92,18,45.77,84.35,45.09803922
yellow ochre,#cb9d06,175,906785372727518000,203,157,6,45.99,97.04,79.60784314
goldenrod,#fac205,176,8225002310116,250,194,5,46.29,98.00,98.03921569
light mustard,#f7d560,177,14167503038486000000,247,213,96,46.49,61.13,96.8627451
maize,#f4d054,178,13674309,244,208,84,46.50,65.57,95.68627451
golden,#f5bf03,179,251007150,245,191,3,46.61,98.78,96.07843137
sand,#e2ca76,180,624068,226,202,118,46.67,47.79,88.62745098
ocre,#c69c04,181,495173,198,156,4,47.01,97.98,77.64705882
yellowy brown,#ae8b0c,182,29017131922414500000,174,139,12,47.04,93.10,68.23529412
yellowish brown,#9b7a01,183,29713543070589100000000,155,122,1,47.14,99.35,60.78431373
pale gold,#fdde6c,184,17639630159236,253,222,108,47.17,57.31,99.21568627
greyish,#a8a495,185,8126244456,168,164,149,47.37,11.31,65.88235294
stone,#ada587,186,20594117,173,165,135,47.37,21.97,67.84313725
burnt yellow,#d5ab09,187,96350924193542600,213,171,9,47.65,95.77,83.52941176
light gold,#fddc5c,188,432357880610180,253,220,92,47.70,63.64,99.21568627
puke brown,#947706,189,586424032771822,148,119,6,47.75,95.95,58.03921569
hazel,#8e7618,190,8448172,142,118,24,47.80,83.10,55.68627451
ocher,#bf9b0c,191,15835314,191,155,12,47.93,93.72,74.90196078
dark gold,#b59410,192,4452134403460,181,148,16,48.00,91.16,70.98039216
poo,#8f7303,193,16879,143,115,3,48.00,97.90,56.07843137
bland,#afa88b,194,2491844,175,168,139,48.33,20.57,68.62745098
sandy,#f1da7a,195,19970201,241,218,122,48.40,49.38,94.50980392
yellow tan,#ffe36e,196,885532590559278,255,227,110,48.41,56.86,100
yellow brown,#b79400,197,906785372714385000,183,148,0,48.52,100.00,71.76470588
dark mustard,#a88905,198,145887546784221000,168,137,5,48.59,97.02,65.88235294
gold,#dbb40c,199,245124,219,180,12,48.70,94.52,85.88235294
beige,#e6daa6,200,2270437,230,218,166,48.75,27.83,90.19607843
baby shit brown,#ad900d,201,2401317747145020000000,173,144,13,49.13,92.49,67.84313725
sand yellow,#fce166,202,21442846260605400,252,225,102,49.20,59.52,98.82352941
diarrhea,#9f8303,203,147155656865,159,131,3,49.23,98.11,62.35294118
dark khaki,#9b8f55,204,142468304864617,155,143,85,49.71,45.16,60.78431373
olive brown,#645403,205,17321368964644600,100,84,3,50.10,97.00,39.21568627
light tan,#fbeeac,206,13511183781934,251,238,172,50.13,31.47,98.43137255
baby poo,#ab9004,207,69887541743,171,144,4,50.30,97.66,67.05882353
baby poop,#937c00,208,2236401335792,147,124,0,50.61,100.00,57.64705882
brown yellow,#b29705,209,92877360802968100,178,151,5,50.64,97.19,69.80392157
dark yellow,#d5b60a,210,4558986222645750,213,182,10,50.84,95.31,83.52941176
sunflower yellow,#ffda03,211,743116005843796000000000,255,218,3,51.19,98.82,100
sun yellow,#ffdf22,212,692106906972663,255,223,34,51.31,86.67,100
mustard,#ceb301,213,14683866692,206,179,1,52.10,99.51,80.78431373
pale,#fff9d0,214,525701,255,249,208,52.34,18.43,100
brownish yellow,#c9b003,215,3043404613445610000000,201,176,3,52.42,98.51,78.82352941
dandelion,#fedf08,216,4447578498542,254,223,8,52.44,96.85,99.60784314
dull yellow,#eedc5b,217,5256110954394100,238,220,91,52.65,61.76,93.33333333
dark cream,#fff39a,218,142468296807469,255,243,154,52.87,39.61,100
sandy yellow,#fdee73,219,686170914573136000,253,238,115,53.48,54.55,99.21568627
mustard yellow,#d2bd0a,220,504533817800766000000,210,189,10,53.70,95.24,82.35294118
muddy yellow,#bfac05,221,492164286875317000,191,172,5,53.87,97.38,74.90196078
cement,#a5a391,222,106337748,165,163,145,54.00,12.12,64.70588235
ugly brown,#7d7103,223,747008565001966,125,113,3,54.10,97.60,49.01960784
greenish brown,#696112,224,279193280738734000000,105,97,18,54.48,82.86,41.17647059
greeny brown,#696006,225,272649705763717000,105,96,6,54.55,94.29,41.17647059
buff,#fef69e,226,87238,254,246,158,55.00,37.80,99.60784314
yellowish,#faee66,227,27672893433448,250,238,102,55.14,59.20,98.03921569
green brown,#544e03,228,8520303444049640,84,78,3,55.56,96.43,32.94117647
ugly yellow,#d0c101,229,23904274838073900,208,193,1,55.65,99.52,81.56862745
olive yellow,#c2b709,230,554283807626638000,194,183,9,56.43,95.36,76.07843137
khaki,#aaa662,231,11797865,170,166,98,56.67,42.35,66.66666667
egg shell,#fffcc4,232,5746619323788,255,252,196,56.95,23.14,100
straw,#fcf679,233,20596791,252,246,121,57.25,51.98,98.82352941
brown green,#706c11,234,2902417506636970,112,108,17,57.47,84.82,43.92156863
manilla,#fffa86,235,14007185793,255,250,134,57.52,47.45,100
dirty yellow,#cdc50a,236,154904488217818000,205,197,10,57.54,95.12,80.39215686
piss yellow,#ddd618,237,18352634471002600,221,214,24,57.87,89.14,86.66666667
vomit yellow,#c7c10c,238,809990045713183000,199,193,12,58.07,93.97,78.03921569
browny green,#6f6c0a,239,92877355604317400,111,108,10,58.22,90.99,43.52941176
sunny yellow,#fff917,240,708699907826267000,255,249,23,58.45,90.98,100
parchment,#fefcaf,241,17645982619092,254,252,175,58.48,31.10,99.60784314
puke yellow,#c2be0e,242,18765569806709200,194,190,14,58.67,92.78,76.07843137
custard,#fffd78,243,3946448452,255,253,120,59.11,52.94,100
butter yellow,#fffd74,244,3085675581280760000,255,253,116,59.14,54.51,100
light beige,#fffeb6,245,13835452173952200,255,254,182,59.18,28.63,100
sunshine yellow,#fffd37,246,23222838832391100000000,255,253,55,59.40,78.43,100
bright yellow,#fffd01,247,2964750261665810000,255,253,1,59.53,99.61,100
light yellow,#fffe7a,248,442734470338327000,255,254,122,59.55,52.16,100
pastel yellow,#fffe71,249,18504874599332100000,255,254,113,59.58,55.69,100
canary yellow,#fffe40,250,3510611777166910000,255,254,64,59.69,74.90,100
off white,#ffffe4,251,16706306320005,255,255,228,60.00,10.59,100
eggshell,#ffffd4,252,179569956236,255,255,212,60.00,16.86,100
ivory,#ffffcb,253,10174041,255,255,203,60.00,20.39,100
cream,#ffffc2,254,3740717,255,255,194,60.00,23.92,100
creme,#ffffb6,255,3741093,255,255,182,60.00,28.63,100
pale yellow,#ffff84,256,18062981876560400,255,255,132,60.00,48.24,100
yellowish tan,#fcfc81,257,29017131904872200000,252,252,129,60.00,48.81,98.82352941
butter,#ffff81,258,89804978,255,255,129,60.00,49.41,100
banana,#ffff7e,259,68617665,255,255,126,60.00,50.59,100
yellow,#ffff14,260,844509687,255,255,20,60.00,92.16,100
puke,#a5a502,261,546149,165,165,2,60.00,98.79,64.70588235
faded yellow,#feff7f,262,217445087562839000,254,255,127,60.47,50.20,100
lemon yellow,#fdff38,263,438449467366454000,253,255,56,60.60,78.04,100
off yellow,#f1f33f,264,534601866293751,241,243,63,60.67,74.07,95.29411765
lemon,#fdff52,265,12760558,253,255,82,60.69,67.84,100
canary,#fdff63,266,102172249,253,255,99,60.77,61.18,100
vomit,#a2a415,267,23573812,162,164,21,60.84,87.20,64.31372549
drab,#828344,268,149538,130,131,68,60.95,48.09,51.37254902
ecru,#feffca,269,167509,254,255,202,61.13,20.78,100
banana yellow,#fafe4b,270,2357685049879840000,250,254,75,61.34,70.47,99.60784314
brownish green,#6a6e09,271,95106394170156700000,106,110,9,62.38,91.82,43.1372549
pea soup,#929901,272,555190173360,146,153,1,62.76,99.35,60
mud green,#606602,273,15020515202222,96,102,2,63.60,98.04,40
baby poop green,#8f9805,274,2401317649490350000000,143,152,5,63.67,96.71,59.60784314
olive,#6e750e,275,16131781,110,117,14,64.08,88.03,45.88235294
mustard green,#a8b504,276,15766681806255500000,168,181,4,64.41,97.79,70.98039216
baby puke green,#b6c406,277,2401317655938170000000,182,196,6,64.42,96.94,76.8627451
bile,#b5c306,278,75141,181,195,6,64.44,96.92,76.47058824
shit green,#758000,279,677630889759918,117,128,0,65.16,100.00,50.19607843
snot,#acbb0d,280,637428,172,187,13,65.17,93.05,73.33333333
greenish beige,#c9d179,281,279193280738734000000,201,209,121,65.45,42.11,81.96078431
olive drab,#6f7632,282,541292780210210,111,118,50,66.18,57.63,46.2745098
poop green,#6f7c00,283,579976218350766,111,124,0,66.29,100.00,48.62745098
sickly yellow,#d0e429,284,22233546574704000000,208,228,41,66.42,82.02,89.41176471
dark olive,#373e02,285,142468309198533,55,62,2,67.00,96.77,24.31372549
baby shit green,#889717,286,2401317747145020000000,136,151,23,67.03,84.77,59.21568627
puke green,#9aae07,287,586424038003886,154,174,7,67.19,95.98,68.23529412
pea soup green,#94a617,288,596130909411457000000,148,166,23,67.55,86.14,65.09803922
green/yellow,#b5ce08,289,272649712041341000,181,206,8,67.58,96.12,80.78431373
swamp green,#748500,290,22202903170716900,116,133,0,67.67,100.00,52.15686275
murky green,#6c7a0e,291,15395767627355300,108,122,14,67.78,88.52,47.84313725
barf green,#94ac02,292,72094188115118,148,172,2,68.47,98.84,67.45098039
light khaki,#e6f2a2,293,13835452183479700,230,242,162,69.00,33.06,94.90196078
vomit green,#89a203,294,25312188910081200,137,162,3,69.43,98.15,63.52941176
olive green,#677a04,295,17321368969876700,103,122,4,69.66,96.72,47.84313725
bright olive,#9cbb04,296,92648445666797300,156,187,4,70.16,97.86,73.33333333
booger green,#96b403,297,89481746943907000,150,180,3,70.17,98.33,70.58823529
pea,#a4bf20,298,16545,164,191,32,70.19,83.25,74.90196078
gross green,#a0bf16,299,8531784970605740,160,191,22,71.01,88.48,74.90196078
greenish tan,#bccb7a,300,272649688221438000,188,203,122,71.11,39.90,79.60784314
snot green,#9dc100,301,684434117956782,157,193,0,71.19,100.00,75.68627451
pea green,#8eab12,302,17766073046190,142,171,18,71.37,89.47,67.05882353
neon yellow,#cfff04,303,15955527323759100,207,255,4,71.47,98.43,100
greenish yellow,#cdfd02,304,8934184983640250000000,205,253,2,71.47,99.21,99.21568627
ugly green,#7a9703,305,747008570234030,122,151,3,71.76,98.01,59.21568627
sick green,#9db92c,306,678514579281070,157,185,44,71.91,76.22,72.54901961
sickly green,#94b21c,307,694798330441045000,148,178,28,72.00,84.27,69.80392157
lime yellow,#d0fe1d,308,13841956737528300,208,254,29,72.27,88.58,99.60784314
dark yellow green,#728f02,309,4895174182294520000000000,114,143,2,72.34,98.60,56.07843137
greeny yellow,#c6f808,310,8724790585196950000,198,248,8,72.50,96.77,97.25490196
booger,#9bb53c,311,83336370,155,181,60,72.89,66.85,70.98039216
light olive,#acbf69,312,13835452187813600,172,191,105,73.26,45.03,74.90196078
icky green,#8fae22,313,320363698918574,143,174,34,73.29,80.46,68.23529412
yellowish green,#b0dd16,314,29713543070589100000000,176,221,22,73.57,90.05,86.66666667
muddy green,#657432,315,15380133946397900,101,116,50,73.64,56.90,45.49019608
dark olive green,#3c4d03,316,152974182181030000000000,60,77,3,73.78,96.10,30.19607843
chartreuse,#c1f80a,317,114403586528869,193,248,10,73.87,95.97,97.25490196
camo,#7f8f4e,318,99759,127,143,78,74.77,45.45,56.07843137
yellowy green,#bff128,319,29017131922419700000,191,241,40,74.93,83.40,94.50980392
green yellow,#c9ff27,320,272649710967600000,201,255,39,75.00,84.71,100
avocado green,#87a922,321,1962550344814240000,135,169,34,75.11,79.88,66.2745098
pale olive,#b9cc81,322,564468173383365,185,204,129,75.20,36.76,80
army green,#4b5d16,323,55450116101294,75,93,22,75.21,76.34,36.47058824
slime green,#99cc04,324,21824659359601800,153,204,4,75.30,98.04,80
khaki green,#728639,325,12667862098973900,114,134,57,75.58,57.46,52.54901961
avocado,#90b134,326,1827767439,144,177,52,75.84,70.62,69.41176471
yellowgreen,#bbf90f,327,28337042873717900,187,249,15,75.90,93.98,97.64705882
light olive green,#a4be5c,328,14855703668007700000000000,164,190,92,75.92,51.58,74.50980392
tan green,#a9be70,329,22040639247534,169,190,112,76.15,41.05,74.50980392
yellow/green,#c8fd3d,330,906785372753172000,200,253,61,76.56,75.89,99.21568627
dark lime,#84b701,331,4452134561189,132,183,1,76.81,99.45,71.76470588
camouflage green,#4b6113,332,115015060161770000000000,75,97,19,76.92,80.41,38.03921569
yellow green,#c0fb2d,333,906785372719617000,192,251,45,77.18,82.07,98.43137255
dirty green,#667e2c,334,4840765238351020,102,126,44,77.56,65.08,49.41176471
pear,#cbf85f,335,529458,203,248,95,77.65,61.69,97.25490196
lemon lime,#bffe28,336,428173307553189,191,254,40,77.66,84.25,99.60784314
camo green,#526525,337,107116425188526,82,101,37,77.81,63.37,39.60784314
lemon green,#adf802,338,13701545836745900,173,248,2,78.29,99.19,97.25490196
dark lime green,#7ebd01,339,4780443084425530000000,126,189,1,80.11,99.47,74.11764706
electric lime,#a8ff04,340,6202710758416330000,168,255,4,80.80,98.43,100
swamp,#698339,341,20678064,105,131,57,81.08,56.49,51.37254902
military green,#667c3e,342,490434823554586000000,102,124,62,81.29,50.00,48.62745098
pale olive green,#b1d27b,343,606093086078604000000000,177,210,123,82.76,41.43,82.35294118
bright yellow green,#9dff00,344,3183376353665520000000000000,157,255,0,83.06,100.00,100
light yellow green,#ccfd7f,345,475382517728749000000000000,204,253,127,83.33,49.80,99.21568627
sap green,#5c8b15,346,20943275103406,92,139,21,83.90,84.89,54.50980392
mossy green,#638b27,347,15186035784357000,99,139,39,84.00,71.94,54.50980392
light moss green,#a6c875,348,464240739558513000000000,166,200,117,84.58,41.50,78.43137255
navy green,#35530a,349,494464493229230,53,83,10,84.66,87.95,32.54901961
lime,#aaff32,350,402853,170,255,50,84.88,80.39,100
acid green,#8ffe09,351,38797454152878,143,254,9,87.18,96.46,99.60784314
pale lime,#befd73,352,17639630316965,190,253,115,87.39,54.55,99.21568627
light lime green,#b9ff66,353,464240739516510000000000,185,255,102,87.45,60.00,100
moss green,#658b38,354,474563762263214,101,139,56,87.47,59.71,54.50980392
leaf green,#5ca904,355,427751839962286,92,169,4,88.00,97.63,66.2745098
light pea green,#c4fe82,356,14507523114139500000000,196,254,130,88.06,48.82,99.60784314
lime green,#89fe05,357,432561129591982,137,254,5,88.19,98.03,99.60784314
bright lime,#87fd05,358,2895263926986140,135,253,5,88.55,98.02,99.21568627
kiwi,#9cef43,359,370409,156,239,67,88.95,71.97,93.7254902
leaf,#71aa34,360,398374,113,170,52,88.98,69.41,66.66666667
kermit green,#5cb200,361,402594210818627000,92,178,0,88.99,100.00,69.80392157
drab green,#749551,362,160566219445422,116,149,81,89.12,45.64,58.43137255
pale lime green,#b1ff65,363,18940408831224700000000,177,255,101,90.39,60.39,100
light yellowish green,#c2ff89,364,15577334340935700000000000000000,194,255,137,91.02,46.27,100
apple green,#76cd26,365,1706860746445990,118,205,38,91.26,81.46,80.39215686
pistachio,#c0fa8b,366,17922497028399,192,250,139,91.35,44.40,98.03921569
kiwi green,#8ee53f,367,397724649854126,142,229,63,91.45,72.49,89.80392157
moss,#769958,368,441971,118,153,88,92.31,42.48,60
light lime,#aefd6c,369,432357880767909,174,253,108,92.69,57.31,99.21568627
frog green,#58bc08,370,231421368669358,88,188,8,93.33,95.74,73.7254902
key lime,#aeff6e,371,384196552101,174,255,110,93.52,56.86,100
lawn green,#4da409,372,424118297629870,77,164,9,93.68,94.51,64.31372549
nasty green,#70b23f,373,15819388841694400,112,178,63,94.43,64.61,69.80392157
celery,#c1fd95,374,106305113,193,253,149,94.62,41.11,99.21568627
dark grass green,#388004,375,152974173376053000000000,56,128,4,94.84,96.88,50.19607843
spring green,#a9f971,376,703205245739144000,169,249,113,95.29,54.62,97.64705882
grassy green,#419c03,377,272524533242074000,65,156,3,95.69,98.08,61.17647059
asparagus,#77ab56,378,1769578995379,119,171,86,96.71,49.71,67.05882353
bright lime green,#65fe08,379,3108765969923510000000000,101,254,8,97.32,96.85,99.60784314
grass,#5cac2d,380,7931507,92,172,45,97.80,73.84,67.45098039
light grass green,#9af764,381,14855703659202800000000000,154,247,100,97.96,59.51,96.8627451
turtle green,#75b84f,382,744875566053267000,117,184,79,98.29,57.07,72.15686275
grass green,#3f9b0b,383,8516391807816870,63,155,11,98.33,92.90,60.78431373
flat green,#699d4c,384,224357221209262,105,157,76,98.52,51.59,61.56862745
apple,#6ecb3c,385,1589637,110,203,60,99.02,70.44,79.60784314
light grey green,#b7e1a1,386,464240739350231000000000,183,225,161,99.38,28.44,88.23529412
lichen,#8fb67b,387,412197038,143,182,123,99.66,32.42,71.37254902
sage,#87ae73,388,623845,135,174,115,99.66,33.91,68.23529412
medium grey,#7d7f7c,389,14817350950045900,125,127,124,100.00,2.36,49.80392157
light grey,#d8dcd6,390,432357880613049,216,220,214,100.00,2.73,86.2745098
green apple,#5edc1f,391,8520303442936190,94,220,31,100.00,85.91,86.2745098
tea green,#bdf8a3,392,22164119557294,189,248,163,101.65,34.27,97.25490196
toxic green,#61de2a,393,23072465470690500,97,222,42,101.67,81.08,87.05882353
light light green,#c8ffb0,394,14855703664521800000000000,200,255,176,101.77,30.98,100
very light green,#d1ffbd,395,837733459612276000000000,209,255,189,101.82,25.88,100
off green,#6ba353,396,16706289865902,107,163,83,102.00,49.08,63.92156863
very pale green,#cffdbc,397,26179170744993900000000,207,253,188,102.46,25.69,99.21568627
washed out green,#bcf5a6,398,870806409835923000000000,188,245,166,103.29,32.24,96.07843137
greenish grey,#96ae8d,399,8724790023085610000,150,174,141,103.64,18.97,68.23529412
sage green,#88b378,400,669849482761390,136,179,120,103.73,32.96,70.19607843
dull green,#74a662,401,164253448869038,116,166,98,104.12,40.96,65.09803922
grey,#929591,402,247993,146,149,145,105.00,2.68,58.43137255
grey/green,#86a17d,403,266281504281774,134,161,125,105.00,22.36,63.1372549
light sage,#bcecac,404,432357880988901,188,236,172,105.00,27.12,92.54901961
pale green,#c7fdb5,405,564468165186734,199,253,181,105.00,28.46,99.21568627
pale light green,#b1fc99,406,606093082592687000000000,177,252,153,105.45,39.29,98.82352941
forrest green,#154406,407,7478866672828880000,21,68,6,105.48,91.18,26.66666667
green grey,#77926f,408,266259482790073,119,146,111,106.29,23.97,57.25490196
fern green,#548d44,409,217238312916142,84,141,68,106.85,51.77,55.29411765
light green,#96f97b,410,13835452179616900,150,249,123,107.14,50.60,97.64705882
fern,#63a950,411,202318,99,169,80,107.19,52.66,66.2745098
pastel green,#b0ff9d,412,578277331210671000,176,255,157,108.37,38.43,100
fresh green,#69d84f,413,7394878136325290,105,216,79,108.61,63.43,84.70588235
poison green,#40fd14,414,593687332418819000,64,253,20,108.67,92.09,99.21568627
leafy green,#51b73b,415,13688054270727300,81,183,59,109.35,67.76,71.76470588
tree green,#2a7e19,416,723656833045678,42,126,25,109.90,80.16,49.41176471
muted green,#5fa052,417,15397737943602400,95,160,82,110.00,48.75,62.74509804
light pastel green,#b2fba5,418,475382517400241000000000000,178,251,165,110.93,34.26,98.43137255
vivid green,#2fef10,419,25110961102329000,47,239,16,111.66,93.31,93.7254902
grey green,#789b73,420,266281470727342,120,155,115,112.50,25.81,60.78431373
greyish green,#82a67d,421,8725488545469900000,130,166,125,112.68,24.70,65.09803922
lighter green,#75fd63,422,14167502185150600000,117,253,99,112.99,60.87,99.21568627
faded green,#7bb274,423,6795158967882920,123,178,116,113.23,34.83,69.80392157
easter green,#8cfd7e,424,181960570444519000,140,253,126,113.39,50.20,99.21568627
greeny grey,#7ea07a,425,8520303305279670,126,160,122,113.68,23.75,62.74509804
celadon,#befdb7,426,3401617902,190,253,183,114.00,27.67,99.21568627
mid green,#50a747,427,14608198341806,80,167,71,114.38,57.49,65.49019608
highlighter green,#1bfc06,428,10019990400436000000000000,27,252,6,114.88,97.62,98.82352941
electric green,#21fc0d,429,198486744269318000000,33,252,13,114.98,94.84,98.82352941
very dark green,#062e03,430,26179170322994100000000,6,46,3,115.81,93.48,18.03921569
dark sage,#598556,431,4452134782181,89,133,86,116.17,35.34,52.15686275
radioactive green,#2cfa1f,432,21803515426745900000000000,44,250,31,116.44,87.60,98.03921569
dark green,#033500,433,142468301001902,3,53,0,116.60,100.00,20.78431373
dusty green,#76a973,434,5264077215044780,118,169,115,116.67,31.95,66.2745098
hunter green,#0b4008,435,312389037777819000,11,64,8,116.79,87.50,25.09803922
fluro green,#0aff02,436,7201337246291110,10,255,2,118.10,99.22,100
true green,#089404,437,724206588859566,8,148,4,118.33,97.30,58.03921569
forest,#0b5509,438,217650804,11,85,9,118.42,89.41,33.33333333
racing green,#014600,439,649760184536209000,1,70,0,119.14,100.00,27.45098039
vibrant green,#0add08,440,25691418996070000000,10,221,8,119.44,96.38,86.66666667
lightish green,#61e160,441,453360074334364000000,97,225,96,119.53,57.33,88.23529412
neon green,#0cff0c,442,498610210411694,12,255,12,120.00,95.29,100
fluorescent green,#08ff08,443,7732268880635260000000000,8,255,8,120.00,96.86,100
dark pastel green,#56ae57,444,4895173853786480000000000,86,174,87,120.68,50.57,68.23529412
bottle green,#044a05,445,89672189015037100,4,74,5,120.86,94.59,29.01960784
hot green,#25ff29,446,9333978502318,37,255,41,121.10,85.49,100
bright green,#01ff07,447,92648445658600600,1,255,7,121.42,99.61,100
boring green,#63b365,448,89589796509914300,99,179,101,121.50,44.69,70.19607843
darkgreen,#054907,449,4452110636206,5,73,7,121.76,93.15,28.62745098
green,#15b01a,450,7935150,21,176,26,121.94,88.07,69.01960784
light neon green,#4efd54,451,464240739582559000000000,78,253,84,122.06,69.17,99.21568627
lightgreen,#76ff7b,452,432357856842926,118,255,123,122.19,53.73,100
light bright green,#53fe5c,453,475382516914612000000000000,83,254,92,123.16,67.32,99.60784314
light forest green,#4f9153,454,475382517055665000000000000,79,145,83,123.64,45.52,56.8627451
light mint,#b6ffbb,455,432357880800724,182,255,187,124.11,28.63,100
soft green,#6fc276,456,685224391939246,111,194,118,125.06,42.78,76.07843137
dark forest green,#002d04,457,4895173509209920000000000,0,45,4,125.33,100.00,17.64705882
forest green,#06470c,458,233700772296595000,6,71,12,125.54,91.55,27.84313725
british racing green,#05480d,459,101883795145855000000000000000,5,72,13,127.16,93.06,28.23529412
medium green,#39ad48,460,474155230401468000,57,173,72,127.76,67.05,67.84313725
light mint green,#a6fbb2,461,464240739551745000000000,166,251,178,128.47,33.86,98.43137255
mint green,#8fff9f,462,467795967546542,143,255,159,128.57,43.92,100
deep green,#02590f,463,146425039623342,2,89,15,128.97,97.75,34.90196078
baby green,#8cff9e,464,71564833395886,140,255,158,129.39,45.10,100
light seafoam green,#a7ffb5,465,15212240560389800000000000000,167,255,181,129.55,34.51,100
darkish green,#287c37,466,4668378599906680000,40,124,55,130.71,67.74,48.62745098
mint,#9ffeb0,467,435668,159,254,176,130.74,37.40,99.60784314
pine,#2b5d34,468,533957,43,93,52,130.80,53.76,36.47058824
bright light green,#2dfe54,469,99480511037545900000000000,45,254,84,131.20,82.28,99.60784314
emerald green,#028f1e,470,6239246219650600000,2,143,30,131.91,98.60,56.07843137
slate green,#658d6d,471,21816103784748200,101,141,109,132.00,28.37,55.29411765
hospital green,#9be5aa,472,313144627988166000000,155,229,170,132.16,32.31,89.80392157
algae,#54ac68,473,1448997,84,172,104,133.64,51.16,67.45098039
foam green,#90fda9,474,227648239899822,144,253,169,133.76,43.08,99.21568627
light sea green,#98f6b0,475,14507523117438000000000,152,246,176,135.32,38.21,96.47058824
kelly green,#02ab2e,476,12574455150220500,2,171,46,135.62,98.83,67.05882353
irish green,#019529,477,10776975903364300,1,149,41,136.22,99.33,58.43137255
pine green,#0a481e,478,573332977685678,10,72,30,139.35,86.11,28.23529412
tea,#65ab7c,479,20641,101,171,124,139.71,40.94,67.05882353
light seafoam,#a0febf,480,14167503044372300000,160,254,191,139.79,37.01,99.60784314
dark mint,#48c072,481,4452134594004,72,192,114,141.00,62.50,75.29411765
cool green,#33b864,482,122575086228654,51,184,100,142.11,72.28,72.15686275
light bluish green,#76fda8,483,475382516908282000000000000,118,253,168,142.22,53.36,99.21568627
seafoam,#80f9ad,484,20570127405,128,249,173,142.31,48.59,97.64705882
kelley green,#009337,485,402381873004222000,0,147,55,142.45,100.00,57.64705882
seafoam green,#7af9ab,486,22087006120771700000,122,249,171,143.15,51.00,97.64705882
shamrock green,#02c14d,487,710250962260903000000,2,193,77,143.56,98.96,75.68627451
weird green,#3ae57f,488,26082139107300500,58,229,127,144.21,74.67,89.80392157
spearmint,#1ef876,489,21445898315220,30,248,118,144.22,87.90,97.25490196
greenish,#40a368,490,260019005032,64,163,104,144.24,60.74,63.92156863
shamrock,#01b44c,491,661472754795,1,180,76,145.14,99.44,70.58823529
light blue green,#7efbb3,492,464240739168240000000000,126,251,179,145.44,49.80,98.43137255
seaweed green,#35ad6b,493,22087593387756200000,53,173,107,147.00,69.36,67.84313725
emerald,#01a049,494,5810750852,1,160,73,147.17,99.38,62.74509804
light green blue,#56fca2,495,464240739350208000000000,86,252,162,147.47,65.87,98.82352941
sea green,#53fca1,496,21064607929518,83,252,161,147.69,67.06,98.82352941
wintergreen,#20f986,497,26228443544360100,32,249,134,148.20,87.15,97.64705882
jade green,#2baf6a,498,353087054746798,43,175,106,148.64,75.43,68.62745098
algae green,#21c36f,499,1555849696318630,33,195,111,148.89,83.08,76.47058824
minty green,#0bf77d,500,14969466353423500,11,247,125,148.98,95.55,96.8627451
tealish green,#0cdc73,501,23240132747647900000,12,220,115,149.71,94.55,86.2745098
dark seafoam green,#3eaf76,502,156645566903299000000000000,62,175,118,149.73,64.57,68.62745098
silver,#c5c9c7,503,647387314,197,201,199,150.00,1.99,78.82352941
jungle green,#048243,504,384432564724111000,4,130,67,150.00,96.92,50.98039216
dark mint green,#20c073,505,4780443119660370000000,32,192,115,151.13,83.33,75.29411765
seaweed,#18d17b,506,20570674340,24,209,123,152.11,88.52,81.96078431
spruce,#0a5f38,507,654922853,10,95,56,152.47,89.47,37.25490196
light greenish blue,#63f7b4,508,15212240547027600000000000000,99,247,180,152.84,59.92,96.8627451
turquoise green,#04f489,509,24407984924294700000000,4,244,137,153.25,98.36,95.68627451
pale turquoise,#a5fbd5,510,591887785189944000000,165,251,213,153.49,34.26,98.43137255
evergreen,#05472a,511,6259453007022,5,71,42,153.64,92.96,27.84313725
greenish teal,#32bf84,512,8724790023086020000,50,191,132,154.89,73.82,74.90196078
bluey green,#2bb179,513,2697301679740070,43,177,121,154.93,75.71,69.41176471
light teal,#90e4c1,514,432357881025580,144,228,193,155.00,36.84,89.41176471
light aquamarine,#7bfdc7,515,464240739138548000000000,123,253,199,155.08,51.38,99.21568627
ocean green,#3d9973,516,16999599683736800,61,153,115,155.22,60.13,60
teal green,#25a36f,517,709233259123886,37,163,111,155.24,77.30,63.92156863
dark seafoam,#1fb57a,518,145887552670481000,31,181,122,156.40,82.87,70.98039216
aqua green,#12e193,519,54599712576686,18,225,147,157.39,92.00,88.23529412
jade,#1fa774,520,328837,31,167,116,157.50,81.44,65.49019608
green teal,#0cb577,521,266259483202604,12,181,119,157.99,93.37,70.98039216
viridian,#1e9167,522,766191477806,30,145,103,158.09,79.31,56.8627451
bright sea green,#05ffa6,523,97148936567656800000000,5,255,166,158.64,98.04,100
dark sea green,#11875d,524,149388853935370000000,17,135,93,158.64,87.41,52.94117647
greenblue,#23c48b,525,8320607924901,35,196,139,158.76,82.14,76.8627451
pale teal,#82cbb2,526,17639630574636,130,203,178,159.45,35.96,79.60784314
light turquoise,#7ef4cc,527,14507523119105100000000,126,244,204,159.66,48.36,95.68627451
greenish cyan,#2afeb7,528,8724790023085480000,42,254,183,159.91,83.46,99.60784314
bluish green,#10a674,529,86317822778086600,16,166,116,160.00,90.36,65.09803922
light aqua,#8cffdb,530,432357880415905,140,255,219,161.22,45.10,100
greyish teal,#719f91,531,272671517046347000,113,159,145,161.74,28.93,62.35294118
seafoam blue,#78d1b6,532,690218941273945000,120,209,182,161.80,42.58,81.96078431
greenish turquoise,#00fbb0,533,292755373543919000000000000,0,251,176,162.07,100.00,98.43137255
pale aqua,#b8ffeb,534,17639629964961,184,255,235,163.10,27.84,100
grey teal,#5e9b8a,535,8321296372780,94,155,138,163.28,39.35,60.78431373
green/blue,#01c08d,536,266259483669157,1,192,141,163.98,99.48,75.29411765
greeny blue,#42b395,537,8520303305110180,66,179,149,164.07,63.13,70.19607843
charcoal,#343837,538,111721692204,52,56,55,165.00,7.14,21.96078431
aqua marine,#2ee8bb,539,1747190986384830,46,232,187,165.48,80.17,90.98039216
dull teal,#5f9e8f,540,5132920689708,95,158,143,165.71,39.87,61.96078431
green blue,#06b48b,541,266259482620581,6,180,139,165.86,96.67,70.58823529
bright teal,#01f9c6,542,2895263927243820,1,249,198,167.66,99.60,97.64705882
tiffany blue,#7bf2da,543,730926793105683000,123,242,218,167.90,49.17,94.90196078
aquamarine,#04d8b2,544,54599135864261,4,216,178,169.25,98.15,84.70588235
dark green blue,#1f6357,545,4780442918123880000000,31,99,87,169.41,68.69,38.82352941
dusty teal,#4c9085,546,164502413382700,76,144,133,170.29,47.22,56.47058824
blue green,#137e6d,547,84290821493934,19,126,109,170.47,84.92,49.41176471
aqua,#13eac9,548,50849,19,234,201,170.79,91.88,91.76470588
eggshell blue,#c4fff7,549,6025367885795370000,196,255,247,171.86,23.14,100
tealish,#24bca8,550,21644060264,36,188,168,172.11,80.85,73.7254902
duck egg blue,#c3fbf4,551,5372088648569270000,195,251,244,172.50,22.31,98.43137255
ice,#d6fffa,552,9317,214,255,250,172.68,16.08,100
turquoise,#06c2ac,553,22731707360869,6,194,172,172.98,96.91,76.07843137
dark blue green,#005249,554,4780442736155220000000,0,82,73,173.41,100.00,32.15686275
blue/green,#0f9b8e,555,84290855048366,15,155,142,174.43,90.32,60.78431373
teal,#029386,556,660524,2,147,134,174.62,98.64,57.64705882
light light blue,#cafffb,557,464240739516307000000000,202,255,251,175.47,20.78,100
sea,#3c9992,558,19617,60,153,146,175.48,60.78,60
topaz,#13bbaf,559,21479482,19,187,175,175.71,89.84,73.33333333
pale cyan,#b7fffa,560,17639630038062,183,255,250,175.83,28.24,100
bright aqua,#0bf9ea,561,2895263926634140,11,249,234,176.22,95.58,97.64705882
light cyan,#acfffc,562,432357880489006,172,255,252,177.83,32.55,100
greenish blue,#0b8b87,563,8724790023085440000,11,139,135,178.13,92.09,54.50980392
ice blue,#d7fffe,564,312658178725,215,255,254,178.50,15.69,100
very pale blue,#d6fffe,565,818099085781060000000,214,255,254,178.54,16.08,100
dark turquoise,#045c5a,566,149388855602470000000,4,92,90,178.64,95.65,36.07843137
bright turquoise,#0ffef9,567,97148936569323900000000,15,254,249,178.74,94.09,99.60784314
dark aquamarine,#017371,568,4780442706463540000000,1,115,113,178.95,99.13,45.09803922
bluegreen,#017a79,569,2634064401582,1,122,121,179.50,99.18,47.84313725
dark grey,#363737,570,4452134406329,54,55,55,180.00,1.82,21.56862745
very light blue,#d5ffff,571,26179170612883600000000,213,255,255,180.00,16.47,100
really light blue,#d4ffff,572,21951197495843900000000000,212,255,255,180.00,16.86,100
pale blue,#d0fefe,573,17639629992613,208,254,254,180.00,18.11,99.60784314
almost black,#070d0d,574,50014160731636800,7,13,13,180.00,46.15,5.098039216
cyan,#00ffff,575,123950,0,255,255,180.00,100.00,100
bright cyan,#41fdfe,576,2895263926707240,65,253,254,180.32,74.41,99.60784314
deep turquoise,#017374,577,153537796759185000000,1,115,116,180.52,99.14,45.49019608
dark teal,#014d4e,578,4452134818860,1,77,78,180.78,98.72,30.58823529
dark cyan,#0a888a,579,4452134282286,10,136,138,180.94,92.75,54.11764706
dark aqua,#05696b,580,4452134209185,5,105,107,181.18,95.33,41.96078431
bright light blue,#26f7fd,581,3108765969923310000000000,38,247,253,181.67,84.98,99.21568627
light sky blue,#c6fcff,582,453360097427186000000,198,252,255,183.16,22.35,100
deep teal,#00555a,583,4575782900780,0,85,90,183.33,100.00,35.29411765
deep aqua,#08787f,584,4575782291105,8,120,127,183.53,93.70,49.80392157
aqua blue,#02d8e9,585,1706240848549,2,216,233,184.42,99.14,91.37254902
turquoise blue,#06b1c4,586,762749528884210000000,6,177,196,186.00,96.94,76.8627451
robin's egg blue,#98eff9,587,697814316218653000000000,152,239,249,186.19,38.96,97.64705882
petrol,#005f6a,588,542788076,0,95,106,186.23,100.00,41.56862745
robin's egg,#6dedfd,589,20796487218697500,109,237,253,186.67,56.92,99.21568627
robin egg blue,#8af1fe,590,681459325661986000000,138,241,254,186.72,45.67,99.60784314
pale sky blue,#bdf6fe,591,18496493242336500000,189,246,254,187.38,25.59,99.60784314
teal blue,#01889f,592,22163539178149,1,136,159,188.73,99.37,62.35294118
neon blue,#04d9ff,593,15581568905893,4,217,255,189.08,98.43,100
ocean,#017b92,594,15832110,1,123,146,189.52,99.32,57.25490196
charcoal grey,#3c4142,595,3748757924015750000,60,65,66,190.00,9.09,25.88235294
cool grey,#95a3a6,596,3830471444665,149,163,166,190.59,10.24,65.09803922
bright sky blue,#02ccfe,597,3035904267746520000000,2,204,254,191.90,99.21,99.60784314
sea blue,#047495,598,658268828325,4,116,149,193.66,97.32,58.43137255
gunmetal,#536267,599,263550324780,83,98,103,195.00,19.42,40.39215686
ocean blue,#03719c,600,531237489947301,3,113,156,196.86,98.08,61.17647059
dirty blue,#3f829d,601,151273913528997,63,130,157,197.23,59.87,61.56862745
steel grey,#6f828a,602,690670904002745,111,130,138,197.78,19.57,54.11764706
peacock blue,#016795,603,582129253762544000,1,103,149,198.65,99.33,58.43137255
greyblue,#77a1b5,604,260039586469,119,161,181,199.35,34.25,70.98039216
bluegrey,#85a3b2,605,82314512569,133,163,178,200.00,25.28,69.80392157
nice blue,#107ab0,606,15705820967589,16,122,176,200.25,90.91,69.01960784
bluish grey,#748b97,607,2697431961815220,116,139,151,200.57,23.18,59.21568627
battleship grey,#6b7c85,608,2421869443511330000000,107,124,133,200.77,19.55,52.15686275
deep sea blue,#015482,609,4798056096627500000,1,84,130,201.40,99.23,50.98039216
water blue,#0e87cc,610,811033268662949,14,135,204,201.79,93.14,80
cerulean,#0485d1,611,109074322478,4,133,209,202.24,98.09,81.96078431
lightblue,#7bc8f6,612,13511182856869,123,200,246,202.44,50.00,96.47058824
azure,#069af3,613,1922629,6,154,243,202.53,97.53,95.29411765
blue grey,#607c8e,614,2634088171705,96,124,142,203.48,32.39,55.68627451
dark blue grey,#1f3b4d,615,149388835504851000000,31,59,77,203.48,59.74,30.19607843
slate,#516572,616,20317829,81,101,114,203.64,28.95,44.70588235
slate grey,#59656d,617,681753243273401,89,101,109,204.00,18.35,42.74509804
ugly blue,#31668a,618,23344017650341,49,102,138,204.27,64.49,54.11764706
grey/blue,#647d8e,619,8321296839333,100,125,142,204.29,29.58,55.68627451
dark slate blue,#214761,620,4780443333617640000000,33,71,97,204.38,65.98,38.03921569
sky,#82cafc,621,19833,130,202,252,204.59,48.41,98.82352941
bluey grey,#89a0b0,622,84290677491897,137,160,176,204.62,22.16,69.01960784
dark grey blue,#29465b,623,149388841192058000000,41,70,91,205.20,54.95,35.68627451
prussian blue,#004577,624,19119596022697900000,0,69,119,205.21,100.00,46.66666667
light blue,#95d0fc,625,432357880443557,149,208,252,205.63,40.87,98.82352941
metallic blue,#4f738e,626,15190690343745000000,79,115,142,205.71,44.37,55.68627451
stormy blue,#507b9c,627,22112911650534100,80,123,156,206.05,48.72,61.17647059
light grey blue,#9dbcd4,628,14507523104694700000000,157,188,212,206.18,25.94,83.1372549
grey blue,#6b8ba4,629,8321295790757,107,139,164,206.32,34.76,64.31372549
greyish blue,#5e819d,630,272671517045765000,94,129,157,206.67,40.13,61.56862745
steel blue,#5a7d9a,631,690670903833253,90,125,154,207.19,41.56,60.39215686
muted blue,#3b719f,632,481179310568101,59,113,159,207.60,62.89,62.35294118
slate blue,#5b7c99,633,681753243103909,91,124,153,208.06,40.52,60
cool blue,#4984b8,634,3830471275173,73,132,184,208.11,60.33,72.15686275
light navy,#155084,635,432357880825561,21,80,132,208.11,84.09,51.76470588
dusty blue,#5a86ad,636,164502412800677,90,134,173,208.19,47.98,67.84313725
dull blue,#49759c,637,5132920107685,73,117,156,208.19,53.21,61.17647059
steel,#738595,638,20583596,115,133,149,208.24,22.82,58.43137255
cadet blue,#4e7496,639,106796138181285,78,116,150,208.33,48.00,58.82352941
bluish,#2976bb,640,80389736,41,118,187,208.36,78.07,73.33333333
marine blue,#01386a,641,14691998839681700,1,56,106,208.57,99.06,41.56862745
off blue,#5684ae,642,522071388837,86,132,174,208.64,50.57,68.23529412
blue/grey,#758da3,643,2634089220281,117,141,163,208.70,28.22,63.92156863
sky blue,#75bbfd,644,665516585637,117,187,253,209.12,53.75,99.21568627
flat blue,#3c73a8,645,7011162993317,60,115,168,209.44,64.29,65.88235294
twilight blue,#0a437a,646,23897657880615100000,10,67,122,209.46,91.80,47.84313725
darkish blue,#014182,647,145886831246914000,1,65,130,210.23,99.23,50.98039216
denim,#3b638c,648,4372781,59,99,140,210.37,57.86,54.90196078
baby blue,#a2cffe,649,2236400874149,162,207,254,210.65,36.22,99.60784314
cloudy blue,#acc2d9,650,3817131579880100,172,194,217,210.67,20.74,85.09803922
light navy blue,#2e5a88,651,14507523111825400000000,46,90,136,210.67,66.18,53.33333333
mid blue,#276ab3,652,456506028709,39,106,179,211.29,78.21,70.19607843
windows blue,#3778bf,653,839292950614717000,55,120,191,211.32,71.20,74.90196078
medium blue,#2c6fbb,654,14817350949876400,44,111,187,211.89,76.47,73.33333333
dark sky blue,#448ee4,655,4668401692727920000,68,142,228,212.25,70.18,89.41176471
marine,#042e60,656,437855685,4,46,96,212.61,95.83,37.64705882
faded blue,#658cbb,657,212348717576869,101,140,187,212.79,45.99,73.33333333
cerulean blue,#056eee,658,3659926936565660000,5,110,238,212.96,97.90,93.33333333
deep sky blue,#0d75f8,659,4798056103875260000,13,117,248,213.45,94.76,97.25490196
dusk blue,#26538d,660,5140402746021,38,83,141,213.79,73.05,55.29411765
powder blue,#b1d1fc,661,18567596301431500,177,209,252,214.40,29.76,98.82352941
light blue grey,#b7c9e2,662,14507523099007500000000,183,201,226,214.88,19.03,88.62745098
dark,#1b2431,663,132683,27,36,49,215.45,44.90,19.21568627
bright blue,#0165fc,664,2895263926661790,1,101,252,216.10,99.60,98.82352941
carolina blue,#8ab8fe,665,3515600793218660000,138,184,254,216.21,45.67,99.60784314
clear blue,#247afd,666,118920763749029,36,122,253,216.22,85.77,99.21568627
french blue,#436bad,667,7394700254327460,67,107,173,217.36,61.27,67.84313725
cobalt,#1e488f,668,116458900,30,72,143,217.70,79.02,56.07843137
denim blue,#3b5b92,669,146726214251173,59,91,146,217.93,59.59,57.25490196
dodger blue,#3e82fc,670,5036009777607330,62,130,252,218.53,75.40,98.82352941
navy,#01153e,671,460505,1,21,62,220.33,98.39,24.31372549
lightish blue,#3d7afd,672,14167502322948700000,61,122,253,220.94,75.89,99.21568627
pastel blue,#a2bffe,673,18071166600164000,162,191,254,221.09,36.22,99.60784314
dusky blue,#475f94,674,164492749124261,71,95,148,221.30,52.03,58.03921569
azul,#1d5dec,675,60076,29,93,236,221.45,87.71,92.54901961
electric blue,#0652ff,676,6202710758416000000,6,82,255,221.69,97.65,100
blue,#0343df,677,78501,3,67,223,222.55,98.65,87.45098039
soft blue,#6488ea,678,21413262078629,100,136,234,223.88,57.26,91.76470588
navy blue,#001146,679,15452015243941,0,17,70,225.43,100.00,27.45098039
cornflower blue,#5170d7,680,4116441369505570000000,81,112,215,226.12,62.33,84.31372549
vibrant blue,#0339f8,681,802856843627017000,3,57,248,226.78,98.79,97.25490196
blue blue,#2242c7,682,2634088002213,34,66,199,228.36,82.91,78.03921569
sapphire,#2138ab,683,654462690885,33,56,171,230.00,80.70,67.05882353
dusk,#4e5481,684,153195,78,84,129,232.94,39.53,50.58823529
vivid blue,#152eff,685,784717534278309,21,46,255,233.59,91.76,100
cornflower,#6a79f7,686,122679512784050,106,121,247,233.62,57.09,96.8627451
rich blue,#021bf9,687,20103968141989,2,27,249,233.93,99.20,97.64705882
periwinkle blue,#8f99fb,688,19095036446613200000000,143,153,251,234.44,43.03,98.43137255
light periwinkle,#c1c6fc,689,464240739653026000000000,193,198,252,234.92,23.41,98.82352941
warm blue,#4b57db,690,25342922273445,75,87,219,235.00,65.75,85.88235294
royal,#0c1793,691,19391532,12,23,147,235.11,91.84,57.64705882
dark navy,#000435,692,4452134618841,0,4,53,235.47,100.00,20.78431373
true blue,#010fcc,693,22631455732389,1,15,204,235.86,99.51,80
twilight,#4e518b,694,712205704468,78,81,139,237.05,43.88,54.50980392
dark navy blue,#00022e,695,149388848322778000000,0,2,46,237.39,100.00,18.03921569
cobalt blue,#030aa7,696,3907712272380580,3,10,167,237.44,98.20,65.49019608
darkblue,#030764,697,139128287909,3,7,100,237.53,97.00,39.21568627
dark royal blue,#02066f,698,4780443302536280000000,2,6,111,237.80,98.20,43.52941176
dark blue,#00035b,699,4452134236837,0,3,91,238.02,100.00,35.68627451
very dark blue,#000133,700,818099072593564000000,0,1,51,238.82,100.00,20
pure blue,#0203e2,701,18333267210917,2,3,226,239.73,99.12,88.62745098
pale grey,#fdfdfe,702,17639630162105,253,253,254,240.00,0.39,99.60784314
royal blue,#0504aa,703,650671873405605,5,4,170,240.36,97.65,66.66666667
night blue,#040348,704,502726624621221,4,3,72,240.87,95.83,28.23529412
primary blue,#0804f9,705,597057958184039000,8,4,249,240.98,98.39,97.64705882
deep blue,#040273,706,4575782318757,4,2,115,241.06,98.26,45.09803922
strong blue,#0c06f7,707,22116107575964300,12,6,247,241.49,97.57,96.8627451
lavender blue,#8b88f8,708,13896048108718100000,139,136,248,241.61,45.16,97.25490196
perrywinkle,#8f8ce7,709,18210757679721900,143,140,231,241.98,39.39,90.58823529
midnight blue,#020035,710,15317245059311700000,2,0,53,242.26,100.00,20.78431373
midnight,#03012d,711,456489475348,3,1,45,242.73,97.78,17.64705882
light royal blue,#3a2efe,712,464240739734621000000000,58,46,254,243.46,81.89,99.60784314
blueberry,#464196,713,2634058746457,70,65,150,243.53,56.67,58.82352941
dark periwinkle,#665fd1,714,4780443220940830000000,102,95,209,243.68,54.55,81.96078431
ultramarine blue,#1805db,715,808283341641536000000000,24,5,219,245.33,97.72,85.88235294
iris,#6258c4,716,313651,98,88,196,245.56,55.10,76.8627451
periwinkle,#8e82fe,717,569076432186757,142,130,254,245.81,48.82,99.60784314
light indigo,#6d5acf,718,442734469810628000,109,90,207,249.74,56.52,81.17647059
blue with hint of purple,#533cc6,719,99513057036262000000000000000000000,83,60,198,250.00,69.70,77.64705882
ultramarine,#2000b1,720,24088720728204700,32,0,177,250.85,100.00,69.41176471
purpleish blue,#6140ef,721,615174122740262000000,97,64,239,251.31,73.22,93.7254902
blurple,#5539cc,722,2572763525,85,57,204,251.43,72.06,80
indigo blue,#3a18b1,723,10630395706028700,58,24,177,253.33,86.44,69.41176471
purpley blue,#5f34e7,724,600755979786728000,95,52,231,254.41,77.49,90.58823529
bluey purple,#6241c7,725,86313654057255300,98,65,199,254.78,67.34,78.03921569
blue purple,#5729ce,726,2697306593378690,87,41,206,256.73,80.10,80.78431373
purple blue,#632de9,727,18773624372671100,99,45,233,257.23,80.69,91.37254902
dark indigo,#1f0954,728,4558985694946540,31,9,84,257.60,89.29,32.94117647
purplish blue,#601ef9,729,19224191483462600000,96,30,249,258.08,87.95,97.64705882
burple,#6832e3,730,89735557,104,50,227,258.31,77.97,89.01960784
bluish purple,#703be7,731,2762170329204340000,112,59,231,258.49,74.46,90.58823529
purple/blue,#5d21d0,732,18773624373719700,93,33,208,260.57,84.13,81.56862745
purpley,#8756e4,733,17903923385,135,86,228,260.70,62.28,89.41176471
purply blue,#661aee,734,18773625043759800,102,26,238,261.51,89.08,93.33333333
blue/purple,#5a06ef,735,2697307667120510,90,6,239,261.63,97.49,93.7254902
violet blue,#510ac9,736,25103368361947800,81,10,201,262.30,95.02,78.82352941
blue violet,#5d06e9,737,2697306782019760,93,6,233,263.00,97.42,91.37254902
pale violet,#ceaefa,738,18062981780189400,206,174,250,265.26,30.40,98.03921569
indigo,#380282,739,316810479,56,2,130,265.31,98.46,50.98039216
pastel purple,#caa0ff,740,18504874599047100000,202,160,255,266.53,37.25,100
light lavender,#dfc5fe,741,453360097175803000000,223,197,254,267.37,22.44,99.60784314
light violet,#d6b4fc,742,442734470241956000,214,180,252,268.33,28.57,98.82352941
pale lilac,#e4cbff,743,564468170141731,228,203,255,268.85,20.39,100
lilac,#cea2fd,744,12890147,206,162,253,269.01,35.97,99.21568627
liliac,#c48efd,745,412492835,196,142,253,269.19,43.87,99.21568627
lighter purple,#a55af4,746,453360069925125000000,165,90,244,269.22,63.11,95.68627451
lavender,#c79fef,747,414134505650,199,159,239,270.00,33.47,93.7254902
light urple,#b36ff6,748,13835452194308500,179,111,246,270.22,54.88,96.47058824
deep lilac,#966ebd,749,146425044578339,150,110,189,270.38,41.80,74.11764706
baby purple,#ca9bf7,750,2290074974241150,202,155,247,270.65,37.25,96.8627451
deep lavender,#8d5eb7,751,4798055852493180000,141,94,183,271.69,48.63,71.76470588
easter purple,#c071fe,752,5822738254530170000,192,113,254,273.62,55.51,99.60784314
lightish purple,#a552e6,753,14507522378700000000000,165,82,230,273.65,64.35,90.19607843
light purple,#bf77f6,754,442734470053315000,191,119,246,274.02,51.63,96.47058824
pale purple,#b790d4,755,18062981591548300,183,144,212,274.41,32.08,83.1372549
vivid purple,#9900fa,756,803550755580101000,153,0,250,276.72,100.00,98.03921569
dark lavender,#856798,757,4668401441345840000,133,103,152,276.73,32.24,59.60784314
electric purple,#aa23ff,758,6351575816618470000000,170,35,255,276.82,86.27,100
amethyst,#9b5fc0,759,48507414132,155,95,192,277.11,50.52,75.29411765
wisteria,#a87dc2,760,800596347169,168,125,194,277.39,35.57,76.07843137
violet,#9a0eea,761,748138676,154,14,234,278.18,94.02,91.76470588
bright lavender,#c760ff,762,3035904267495140000000,199,96,255,278.87,62.35,100
pale lavender,#eecffe,763,18496492990954400000,238,207,254,279.57,18.50,99.60784314
bright violet,#ad0afd,764,2964750261569430000,173,10,253,280.25,96.05,99.21568627
light lilac,#edc8ff,765,13835452184571900,237,200,255,280.36,21.57,100
grey purple,#826d8c,766,8521007368847740,130,109,140,280.65,22.14,54.90196078
bright lilac,#c95efb,767,92648445663555600,201,94,251,280.89,62.55,98.43137255
royal purple,#4b006e,768,666287998846452000,75,0,110,280.91,100.00,43.1372549
greyish purple,#887191,769,279215633455342000000,136,113,145,283.13,22.07,56.8627451
neon purple,#bc13fe,770,15955527038747000,188,19,254,283.15,92.52,99.60784314
midnight purple,#280137,771,15684858940735600000000,40,1,55,283.33,98.18,21.56862745
bright purple,#be03fd,772,2964750261380790000,190,3,253,284.88,98.81,99.21568627
light lavendar,#efc0fe,773,453360097175803000000,239,192,254,285.48,24.41,99.60784314
purple,#7e1e9c,774,559497605,126,30,156,285.71,80.77,61.17647059
purply,#983fb2,775,559497625,152,63,178,286.43,64.61,69.80392157
vibrant purple,#ad03de,776,822125407874544000000,173,3,222,286.58,98.65,87.05882353
purplish grey,#7a687f,777,19224191483462800000,122,104,127,286.96,18.11,49.80392157
soft purple,#a66fb5,778,21927180847628700,166,111,181,287.14,38.67,70.98039216
heather,#a484ac,779,8759419058,164,132,172,288.00,23.26,67.45098039
very dark purple,#2a0134,780,837733450335810000000000,42,1,52,288.24,98.08,20.39215686
faded purple,#916e99,781,217445087277826000,145,110,153,288.84,28.10,60
dark violet,#34013f,782,4558986126274740,52,1,63,289.35,98.41,24.70588235
hot purple,#cb00f5,783,298687617646981,203,0,245,289.71,100.00,96.07843137
heliotrope,#d94ff5,784,287395040280069,217,79,245,289.88,67.76,96.07843137
dark lilac,#9c6da5,785,142468305956899,156,109,165,290.36,33.94,64.70588235
dark purple,#35063e,786,4558985937633660,53,6,62,290.36,90.32,24.31372549
muted purple,#805b87,787,492727614500848000,128,91,135,290.45,32.59,52.94117647
deep purple,#36013f,788,4685601573519740,54,1,63,291.29,98.41,24.70588235
very light purple,#f6cefc,789,26807470707592800000000000,246,206,252,292.17,18.25,98.82352941
dusty purple,#825f87,790,168450471187006000,130,95,135,292.50,29.63,52.94117647
barney,#ac1db8,791,68761785,172,29,184,295.35,84.24,72.15686275
medium purple,#9e43a2,792,15172967373152500000,158,67,162,297.47,58.64,63.52941176
purple/pink,#d725de,793,18773624374175200,215,37,222,297.73,83.33,87.05882353
plum purple,#4e0550,794,18460180167082400,78,5,80,298.40,93.75,31.37254902
pinkish purple,#d648d7,795,601189229815128000000,214,72,215,299.58,66.51,84.31372549
violet pink,#fb5ffc,796,25103368362403300,251,95,252,299.62,62.30,98.82352941
purpley grey,#947e94,797,600755979786898000,148,126,148,300.00,14.86,58.03921569
pink purple,#db4bda,798,18346861749944700,219,75,218,300.42,65.75,85.88235294
deep violet,#490648,799,4685601762160820,73,6,72,300.90,91.78,28.62745098
light magenta,#fa5ff7,800,14167503037801900000,250,95,247,301.16,62.00,98.03921569
darkish purple,#751973,801,149388115197319000000,117,25,115,301.30,78.63,45.88235294
eggplant purple,#430541,802,6169872993999930000000,67,5,65,301.94,92.54,26.2745098
pink/purple,#ef1de7,803,18346862823686500,239,29,231,302.29,87.87,93.7254902
ugly purple,#a442a0,804,23904274553061800,164,66,160,302.45,59.76,64.31372549
purple grey,#866f85,805,18773624372840600,134,111,133,302.61,17.16,52.54901961
pale mauve,#fed0fc,806,564468170938053,254,208,252,302.61,18.11,99.60784314
orchid,#c875c4,807,522297636,200,117,196,302.89,41.50,78.43137255
purple pink,#e03fd8,808,18773624373126600,224,63,216,302.98,71.88,87.84313725
barney purple,#a00498,809,2362636975088420000,160,4,152,303.08,97.50,62.74509804
warm purple,#952e8f,810,25951152887120300,149,46,143,303.50,69.13,58.43137255
light eggplant,#894585,811,453360096941236000000,137,69,133,303.53,49.64,53.7254902
eggplant,#380835,812,179566937556,56,8,53,303.75,85.71,21.96078431
lavender pink,#dd85d7,813,13896048108718500000,221,133,215,304.09,39.82,86.66666667
purply pink,#f075e6,814,18773625044215200,240,117,230,304.88,51.25,94.11764706
pinky purple,#c94cbe,815,587099419067368000,201,76,190,305.28,62.19,78.82352941
fuchsia,#ed0dd9,816,7150521633,237,13,217,305.36,94.51,92.94117647
bright magenta,#ff08e8,817,94872008360281200000,255,8,232,305.59,96.86,100
dusty lavender,#ac86a8,818,172493282336703000000,172,134,168,306.32,22.09,67.45098039
purpley pink,#c83cb9,819,600755979787184000,200,60,185,306.43,70.00,78.43137255
purplish,#94568c,820,572925552232,148,86,140,307.74,41.89,58.03921569
dull purple,#84597e,821,5256110669382020,132,89,126,308.37,32.58,51.76470588
candy pink,#ff63e9,822,107138830050763,255,99,233,308.46,61.18,100
purpleish pink,#df4ec8,823,615174122740263000000,223,78,200,309.52,65.02,87.45098039
grape purple,#5d1451,824,272520758584492000,93,20,81,309.86,78.49,36.47058824
purpleish,#98568d,825,18333617530472,152,86,141,310.00,43.42,59.60784314
aubergine,#3d0734,826,1823400502725,61,7,52,310.00,88.52,23.92156863
hot magenta,#f504c9,827,9557999860497020,245,4,201,310.95,98.37,96.07843137
grape,#6c3461,828,7931397,108,52,97,311.79,51.85,42.35294118
bruise,#7e4071,829,86681189,126,64,113,312.58,49.21,49.41176471
rich purple,#720058,830,20586463856509300,114,0,88,313.68,100.00,44.70588235
purplish pink,#ce5dae,831,19224191483463100000,206,93,174,316.99,54.85,80.78431373
dusky purple,#895b7b,832,168440575582356000,137,91,123,318.26,33.58,53.7254902
bright pink,#fe01b1,833,2895263927117250,254,1,177,318.26,99.61,99.60784314
dark plum,#3f012c,834,4452134695597,63,1,44,318.39,98.41,24.70588235
plum,#580f41,835,537261,88,15,65,318.90,82.95,34.50980392
velvet,#750851,836,743856308,117,8,81,319.82,93.16,45.88235294
dirty purple,#734a65,837,154904487932806000,115,74,101,320.49,35.65,45.09803922
red violet,#9e0168,838,638986655084724,158,1,104,320.64,99.37,61.96078431
shocking pink,#fe02a2,839,22210745434565500000,254,2,162,321.90,99.21,99.60784314
light plum,#9d5783,840,432357880902317,157,87,131,322.29,44.59,61.56862745
pale magenta,#d767ad,841,578015407025339000,215,103,173,322.50,52.09,84.31372549
magenta,#c20078,842,13999716993,194,0,120,322.89,100.00,76.07843137
neon pink,#fe019a,843,15581569361355,254,1,154,323.72,99.61,99.60784314
bubblegum pink,#fe83cc,844,98073065258991800000,254,131,204,324.39,48.43,99.60784314
dark magenta,#960056,845,145887546100071000,150,0,86,325.60,100.00,58.82352941
deep magenta,#a0025c,846,149939246448426000,160,2,92,325.82,98.75,62.74509804
electric pink,#ff0490,847,6202710758416460000,255,4,144,326.53,98.43,100
hot pink,#ff028d,848,291687114187,255,2,141,327.04,99.22,100
dark fuchsia,#9d0759,849,145887539250876000,157,7,89,327.20,95.54,61.56862745
reddish purple,#910951,850,669996350822001000000,145,9,81,328.24,93.79,56.8627451
strong pink,#ff0789,851,22116107576419800,255,7,137,328.55,97.25,100
red purple,#820747,852,638986466443653,130,7,71,328.78,94.62,50.98039216
barbie pink,#fe46a5,853,2306853977990600,254,70,165,329.02,72.44,99.60784314
violet red,#a50055,854,784480261327012,165,0,85,329.09,100.00,64.70588235
pink,#ff81c0,855,533963,255,129,192,330.00,49.41,100
mulberry,#920a4e,856,469630110297,146,10,78,330.00,93.15,57.25490196
bubblegum,#ff6cb5,857,2922805108397,255,108,181,330.20,57.65,100
merlot,#730039,858,442053108,115,0,57,330.26,100.00,45.09803922
wine,#80013f,859,763333,128,1,63,330.71,99.22,50.19607843
deep pink,#cb0162,860,4575782774219,203,1,98,331.19,99.51,79.60784314
dark hot pink,#d90166,861,4668401318898440000,217,1,102,331.94,99.54,85.09803922
bubble gum pink,#ff69af,862,3138338113103500000000,255,105,175,332.00,58.82,100
purple red,#990147,863,586675761662116,153,1,71,332.37,99.35,60
berry,#990f4b,864,2280025,153,15,75,333.91,90.20,60
raspberry,#b00149,865,19846509283929,176,1,73,335.31,99.43,69.01960784
cerise,#de0c62,866,106505829,222,12,98,335.43,94.59,87.05882353
purplish red,#b0054b,867,600755983858223000,176,5,75,335.44,97.16,69.01960784
powder pink,#ffb2d0,868,18567596301886900,255,178,208,336.62,30.20,100
dark mauve,#874c62,869,142468306753221,135,76,98,337.63,43.70,52.94117647
darkish pink,#da467d,870,145886831247370000,218,70,125,337.70,67.89,85.49019608
red wine,#8c0034,871,624010438085,140,0,52,337.71,100.00,54.90196078
cranberry,#9e003a,872,3918555957849,158,0,58,337.97,100.00,61.96078431
medium pink,#f36196,873,14817350950331900,243,97,150,338.22,60.08,95.29411765
burgundy,#610023,874,91880077465,97,0,35,338.35,100.00,38.03921569
bordeaux,#7b002c,875,85433943736,123,0,44,338.54,100.00,48.23529412
ruby,#ca0147,876,611417,202,1,71,339.10,99.50,79.21568627
maroon,#650021,877,437861870,101,0,33,340.40,100.00,39.60784314
baby pink,#ffb7ce,878,2236401329611,255,183,206,340.83,28.24,100
light mauve,#c292a1,879,13835452185368300,194,146,161,341.25,24.74,76.07843137
carnation pink,#ff7fa7,880,112497724392351000000,255,127,167,341.25,50.20,100
rose red,#be013c,881,635225196708,190,1,60,341.27,99.47,74.50980392
pink red,#f5054f,882,559901788324,245,5,79,341.50,97.96,96.07843137
pinky,#fc86aa,883,17086841,252,134,170,341.69,46.83,98.82352941
light pink,#ffd1df,884,432357880899019,255,209,223,341.74,18.04,100
dark pink,#cb416b,885,4452134692299,203,65,107,341.74,67.98,79.60784314
dull pink,#d5869d,886,5132920563147,213,134,157,342.53,37.09,83.52941176
lipstick,#d5174e,887,422537995371,213,23,78,342.63,89.20,83.52941176
pastel pink,#ffbacd,888,18071166600619500,255,186,205,343.48,27.06,100
muted pink,#d1768f,889,481179311023563,209,118,143,343.52,43.54,81.96078431
pale pink,#ffcfdc,890,17639630448075,255,207,220,343.75,18.82,100
rosy pink,#f6688e,891,20327877322187,246,104,142,343.94,57.72,96.47058824
wine red,#7b0323,892,800413665444,123,3,35,344.00,97.56,48.23529412
warm pink,#fb5581,893,25342922728907,251,85,129,344.10,66.14,98.43137255
mauve,#ae7181,894,13686469,174,113,129,344.26,35.06,68.23529412
pig pink,#e78ea5,895,559686362571,231,142,165,344.49,38.53,90.58823529
rouge,#ab1239,896,19387621,171,18,57,344.71,89.47,67.05882353
light burgundy,#a8415b,897,453360096853549000000,168,65,91,344.85,61.31,65.88235294
rosa,#fe86a4,898,605793,254,134,164,345.00,47.24,99.60784314
deep rose,#c74767,899,4575782846053,199,71,103,345.00,64.32,78.03921569
pinkish red,#f10c45,900,18346839288793300,241,12,69,345.07,95.02,94.50980392
cherry,#cf0234,901,109234777,207,2,52,345.37,99.03,81.17647059
lipstick red,#c0022f,902,443063201035143000,192,2,47,345.79,98.96,75.29411765
faded pink,#de9dac,903,212348718032331,222,157,172,346.15,29.28,87.05882353
brownish purple,#76424e,904,3043404613445320000000,118,66,78,346.15,44.07,46.2745098
claret,#680018,905,113297588,104,0,24,346.15,100.00,40.78431373
grey pink,#c3909b,906,8321296246219,195,144,155,347.06,26.15,76.47058824
soft pink,#fdb0c0,907,21413262534091,253,176,192,347.53,30.43,99.21568627
dusky pink,#cc7a8b,908,164492749579723,204,122,139,347.56,40.20,80
red pink,#fa2a55,909,624010208715,250,42,85,347.60,83.20,98.03921569
neon red,#ff073a,910,486924044452,255,7,58,347.66,97.25,100
dark rose,#b5485d,911,4452134764133,181,72,93,348.44,60.22,70.98039216
reddish pink,#fe2c54,912,654293311349598000,254,44,84,348.57,82.68,99.60784314
pinkish,#d46a7e,913,17496909416,212,106,126,348.68,50.00,83.1372549
rose,#cf6275,914,605797,207,98,117,349.54,52.66,81.17647059
ugly pink,#cd7584,915,23344018105803,205,117,132,349.77,42.93,80.39215686
rose pink,#f7879a,916,20327206233547,247,135,154,349.82,45.34,96.8627451
old pink,#c77986,917,528447186379,199,121,134,350.00,39.20,78.03921569
carnation,#fd798f,918,3352693450222,253,121,143,350.00,52.17,99.21568627
light maroon,#a24857,919,442734469931679000,162,72,87,350.00,55.56,63.52941176
cherry red,#f7022a,920,114540966529188,247,2,42,350.20,99.19,96.8627451
pinky red,#fc2647,921,17916852390052,252,38,71,350.75,84.92,98.82352941
old rose,#c87f89,922,528447258213,200,127,137,351.78,36.50,78.43137255
dusky rose,#ba6873,923,164492749651557,186,104,115,351.95,44.09,72.94117647
dusty pink,#d58a94,924,164502413256139,213,138,148,352.00,35.21,83.52941176
dark maroon,#3c0008,925,4558985815997930,60,0,8,352.00,100.00,23.52941176
lightish red,#fe2f4a,926,442734447592164000,254,47,74,352.17,81.50,99.60784314
carmine,#9d0216,927,3274089925,157,2,22,352.26,98.73,61.56862745
scarlet,#be0119,928,20503408820,190,1,25,352.38,99.47,74.50980392
strawberry,#fb2943,929,691113625307737,251,41,67,352.57,83.67,98.43137255
purplish brown,#6b4247,930,615174127470804000000,107,66,71,352.68,38.32,41.96078431
greyish pink,#c88d94,931,272671517046220000,200,141,148,352.88,29.50,78.43137255
purple brown,#673a3f,932,600755979925668000,103,58,63,353.33,43.69,40.39215686
crimson,#8c000f,933,3835088366,140,0,15,353.57,100.00,54.90196078
watermelon,#fd4659,934,811033250935278,253,70,89,353.77,72.33,99.21568627
light rose,#ffc5cb,935,432357880970853,255,197,203,353.79,22.75,100
dusty rose,#c0737a,936,164502413327973,192,115,122,354.55,40.10,75.29411765
blush pink,#fe828c,937,84305139738059,254,130,140,355.16,48.82,99.60784314
pale rose,#fdc1c5,938,17639630519909,253,193,197,356.00,23.72,99.21568627
dirty pink,#ca7b80,939,151273913984459,202,123,128,356.20,39.11,79.21568627
dusty red,#b9484e,940,5140700416164,185,72,78,356.81,61.08,72.54901961
bright red,#ff000d,941,90476997724324,255,0,13,356.94,100.00,100
faded red,#d3494e,942,6635897440420,211,73,78,357.83,65.40,82.74509804
darkish red,#a90308,943,4558963476482210,169,3,8,358.19,98.22,66.2745098
light red,#ff474c,944,13511183780004,255,71,76,358.37,72.16,100
blood red,#980002,945,2627954755748,152,0,2,359.21,100.00,59.60784314
coral pink,#ff6163,946,122665774360011,255,97,99,359.24,61.96,100
blood,#770001,947,2506212,119,0,1,359.50,100.00,46.66666667
fire engine red,#fe0002,948,7436557817262140000000,254,0,2,359.53,100.00,99.60784314
salmon pink,#fe7b7c,949,21440940026111400,254,123,124,359.54,51.57,99.60784314